13719552.000000,13721568.000000,13723584.000000,13725600.000000,13727616.000000,13729632.000000,13731648.000000,13733664.000000,13735680.000000,13737696.000000,13739712.000000,13741728.000000,13743744.000000,13745760.000000,13747776.000000,13749792.000000,13751808.000000,13753824.000000,13755840.000000,13757856.000000,13759872.000000,13761888.000000,13763904.000000,13765920.000000,13767936.000000,13769952.000000,13771968.000000,13773984.000000,13776000.000000,13778016.000000,13780032.000000,13782048.000000,13784064.000000,13786080.000000,13788096.000000,13790112.000000,13792128.000000,13794144.000000,13796160.000000,13798176.000000,13800192.000000,13802208.000000,13804224.000000,13806240.000000,13808256.000000,13810272.000000,13812288.000000,13814304.000000,13816320.000000,13818336.000000,13820352.000000,13822368.000000,13824384.000000,13826400.000000,13828416.000000,13830432.000000,13832448.000000,13834464.000000,13836480.000000,13838496.000000,13840512.000000,13842528.000000,13844544.000000,13846560.000000
38754304.000000,38760416.000000,38766528.000000,38772640.000000,38778752.000000,38784864.000000,38790976.000000,38797088.000000,38803200.000000,38809312.000000,38815424.000000,38821536.000000,38827648.000000,38833760.000000,38839872.000000,38845984.000000,38852096.000000,38858208.000000,38864320.000000,38870432.000000,38876544.000000,38882656.000000,38888768.000000,38894880.000000,38900992.000000,38907104.000000,38913216.000000,38919328.000000,38925440.000000,38931552.000000,38937664.000000,38943776.000000,38949888.000000,38956000.000000,38962112.000000,38968224.000000,38974336.000000,38980448.000000,38986560.000000,38992672.000000,38998784.000000,39004896.000000,39011008.000000,39017120.000000,39023232.000000,39029344.000000,39035456.000000,39041568.000000,39047680.000000,39053792.000000,39059904.000000,39066016.000000,39072128.000000,39078240.000000,39084352.000000,39090464.000000,39096576.000000,39102688.000000,39108800.000000,39114912.000000,39121024.000000,39127136.000000,39133248.000000,39139360.000000
63789056.000000,63799272.000000,63809472.000000,63819672.000000,63829888.000000,63840104.000000,63850304.000000,63860504.000000,63870720.000000,63880936.000000,63891136.000000,63901336.000000,63911552.000000,63921768.000000,63931968.000000,63942168.000000,63952384.000000,63962600.000000,63972800.000000,63983000.000000,63993216.000000,64003432.000000,64013632.000000,64023832.000000,64034048.000000,64044264.000000,64054464.000000,64064664.000000,64074880.000000,64085096.000000,64095296.000000,64105496.000000,64115712.000000,64125928.000000,64136128.000000,64146328.000000,64156544.000000,64166760.000000,64176960.000000,64187160.000000,64197376.000000,64207592.000000,64217792.000000,64227992.000000,64238208.000000,64248424.000000,64258624.000000,64268824.000000,64279040.000000,64289256.000000,64299456.000000,64309656.000000,64319872.000000,64330088.000000,64340288.000000,64350488.000000,64360704.000000,64370920.000000,64381120.000000,64391320.000000,64401536.000000,64411752.000000,64421952.000000,64432152.000000
88823808.000000,88838128.000000,88852416.000000,88866704.000000,88881024.000000,88895344.000000,88909632.000000,88923920.000000,88938240.000000,88952560.000000,88966848.000000,88981136.000000,88995456.000000,89009776.000000,89024064.000000,89038352.000000,89052672.000000,89066992.000000,89081280.000000,89095568.000000,89109888.000000,89124208.000000,89138496.000000,89152784.000000,89167104.000000,89181424.000000,89195712.000000,89210000.000000,89224320.000000,89238640.000000,89252928.000000,89267216.000000,89281536.000000,89295856.000000,89310144.000000,89324432.000000,89338752.000000,89353072.000000,89367360.000000,89381648.000000,89395968.000000,89410288.000000,89424576.000000,89438864.000000,89453184.000000,89467504.000000,89481792.000000,89496080.000000,89510400.000000,89524720.000000,89539008.000000,89553296.000000,89567616.000000,89581936.000000,89596224.000000,89610512.000000,89624832.000000,89639152.000000,89653440.000000,89667728.000000,89682048.000000,89696368.000000,89710656.000000,89724944.000000
113858560.000000,113876976.000000,113895376.000000,113913744.000000,113932160.000000,113950576.000000,113968944.000000,113987344.000000,114005760.000000,114024176.000000,114042576.000000,114060944.000000,114079360.000000,114097776.000000,114116144.000000,114134544.000000,114152960.000000,114171376.000000,114189776.000000,114208144.000000,114226560.000000,114244976.000000,114263344.000000,114281744.000000,114300160.000000,114318576.000000,114336976.000000,114355344.000000,114373760.000000,114392176.000000,114410544.000000,114428944.000000,114447360.000000,114465776.000000,114484176.000000,114502544.000000,114520960.000000,114539376.000000,114557744.000000,114576144.000000,114594560.000000,114612976.000000,114631376.000000,114649744.000000,114668160.000000,114686576.000000,114704944.000000,114723344.000000,114741760.000000,114760176.000000,114778576.000000,114796944.000000,114815360.000000,114833776.000000,114852144.000000,114870544.000000,114888960.000000,114907376.000000,114925776.000000,114944144.000000,114962560.000000,114980976.000000,114999344.000000,115017744.000000
138893312.000000,138915824.000000,138938320.000000,138960784.000000,138983296.000000,139005808.000000,139028272.000000,139050768.000000,139073280.000000,139095792.000000,139118288.000000,139140752.000000,139163264.000000,139185776.000000,139208240.000000,139230736.000000,139253248.000000,139275760.000000,139298256.000000,139320720.000000,139343232.000000,139365744.000000,139388208.000000,139410704.000000,139433216.000000,139455728.000000,139478224.000000,139500688.000000,139523200.000000,139545712.000000,139568176.000000,139590672.000000,139613184.000000,139635696.000000,139658192.000000,139680656.000000,139703168.000000,139725680.000000,139748144.000000,139770640.000000,139793152.000000,139815664.000000,139838160.000000,139860624.000000,139883136.000000,139905648.000000,139928112.000000,139950608.000000,139973120.000000,139995632.000000,140018128.000000,140040592.000000,140063104.000000,140085616.000000,140108080.000000,140130576.000000,140153088.000000,140175600.000000,140198096.000000,140220560.000000,140243072.000000,140265584.000000,140288048.000000,140310544.000000
163928064.000000,163954656.000000,163981280.000000,164007824.000000,164034432.000000,164061040.000000,164087584.000000,164114208.000000,164140800.000000,164167392.000000,164194016.000000,164220560.000000,164247168.000000,164273776.000000,164300320.000000,164326944.000000,164353536.000000,164380128.000000,164406752.000000,164433296.000000,164459904.000000,164486512.000000,164513056.000000,164539680.000000,164566272.000000,164592864.000000,164619488.000000,164646032.000000,164672640.000000,164699248.000000,164725792.000000,164752416.000000,164779008.000000,164805600.000000,164832224.000000,164858768.000000,164885376.000000,164911984.000000,164938528.000000,164965152.000000,164991744.000000,165018336.000000,165044960.000000,165071504.000000,165098112.000000,165124720.000000,165151264.000000,165177888.000000,165204480.000000,165231072.000000,165257696.000000,165284240.000000,165310848.000000,165337456.000000,165364000.000000,165390624.000000,165417216.000000,165443808.000000,165470432.000000,165496976.000000,165523584.000000,165550192.000000,165576736.000000,165603360.000000
188962816.000000,188993504.000000,189024224.000000,189054864.000000,189085600.000000,189116272.000000,189146912.000000,189177632.000000,189208320.000000,189239008.000000,189269728.000000,189300368.000000,189331040.000000,189361776.000000,189392416.000000,189423136.000000,189453824.000000,189484512.000000,189515232.000000,189545872.000000,189576608.000000,189607280.000000,189637920.000000,189668640.000000,189699328.000000,189730016.000000,189760736.000000,189791376.000000,189822048.000000,189852784.000000,189883424.000000,189914144.000000,189944832.000000,189975520.000000,190006240.000000,190036880.000000,190067616.000000,190098288.000000,190128928.000000,190159648.000000,190190336.000000,190221024.000000,190251744.000000,190282384.000000,190313056.000000,190343792.000000,190374432.000000,190405152.000000,190435840.000000,190466528.000000,190497248.000000,190527888.000000,190558624.000000,190589296.000000,190619936.000000,190650656.000000,190681344.000000,190712032.000000,190742752.000000,190773392.000000,190804064.000000,190834800.000000,190865440.000000,190896160.000000
213997568.000000,214032336.000000,214067168.000000,214101904.000000,214136736.000000,214171504.000000,214206240.000000,214241072.000000,214275840.000000,214310608.000000,214345440.000000,214380176.000000,214414944.000000,214449776.000000,214484512.000000,214519344.000000,214554112.000000,214588880.000000,214623712.000000,214658448.000000,214693280.000000,214728048.000000,214762784.000000,214797616.000000,214832384.000000,214867152.000000,214901984.000000,214936720.000000,214971488.000000,215006320.000000,215041056.000000,215075888.000000,215110656.000000,215145424.000000,215180256.000000,215214992.000000,215249824.000000,215284592.000000,215319328.000000,215354160.000000,215388928.000000,215423696.000000,215458528.000000,215493264.000000,215528032.000000,215562864.000000,215597600.000000,215632432.000000,215667200.000000,215701968.000000,215736800.000000,215771536.000000,215806368.000000,215841136.000000,215875872.000000,215910704.000000,215945472.000000,215980240.000000,216015072.000000,216049808.000000,216084576.000000,216119408.000000,216154144.000000,216188976.000000
239032320.000000,239071184.000000,239110112.000000,239148944.000000,239187872.000000,239226736.000000,239265568.000000,239304496.000000,239343360.000000,239382224.000000,239421152.000000,239459984.000000,239498848.000000,239537776.000000,239576608.000000,239615536.000000,239654400.000000,239693264.000000,239732192.000000,239771024.000000,239809952.000000,239848816.000000,239887648.000000,239926576.000000,239965440.000000,240004304.000000,240043232.000000,240082064.000000,240120928.000000,240159856.000000,240198688.000000,240237616.000000,240276480.000000,240315344.000000,240354272.000000,240393104.000000,240432032.000000,240470896.000000,240509728.000000,240548656.000000,240587520.000000,240626384.000000,240665312.000000,240704144.000000,240743008.000000,240781936.000000,240820768.000000,240859696.000000,240898560.000000,240937424.000000,240976352.000000,241015184.000000,241054112.000000,241092976.000000,241131808.000000,241170736.000000,241209600.000000,241248464.000000,241287392.000000,241326224.000000,241365088.000000,241404016.000000,241442848.000000,241481776.000000
264067072.000000,264110016.000000,264153056.000000,264195984.000000,264239008.000000,264281968.000000,264324896.000000,264367936.000000,264410880.000000,264453824.000000,264496864.000000,264539792.000000,264582752.000000,264625776.000000,264668704.000000,264711744.000000,264754688.000000,264797632.000000,264840672.000000,264883600.000000,264926624.000000,264969584.000000,265012512.000000,265055552.000000,265098496.000000,265141440.000000,265184480.000000,265227408.000000,265270368.000000,265313392.000000,265356320.000000,265399360.000000,265442304.000000,265485248.000000,265528288.000000,265571216.000000,265614240.000000,265657200.000000,265700128.000000,265743168.000000,265786112.000000,265829056.000000,265872096.000000,265915024.000000,265957984.000000,266001008.000000,266043936.000000,266086976.000000,266129920.000000,266172864.000000,266215904.000000,266258832.000000,266301856.000000,266344816.000000,266387744.000000,266430784.000000,266473728.000000,266516672.000000,266559712.000000,266602640.000000,266645600.000000,266688624.000000,266731552.000000,266774592.000000
289101824.000000,289148864.000000,289196000.000000,289243040.000000,289290176.000000,289337184.000000,289384224.000000,289431360.000000,289478400.000000,289525440.000000,289572576.000000,289619616.000000,289666624.000000,289713760.000000,289760800.000000,289807936.000000,289854976.000000,289902016.000000,289949152.000000,289996192.000000,290043328.000000,290090336.000000,290137376.000000,290184512.000000,290231552.000000,290278592.000000,290325728.000000,290372768.000000,290419776.000000,290466912.000000,290513952.000000,290561088.000000,290608128.000000,290655168.000000,290702304.000000,290749344.000000,290796480.000000,290843488.000000,290890528.000000,290937664.000000,290984704.000000,291031744.000000,291078880.000000,291125920.000000,291172928.000000,291220064.000000,291267104.000000,291314240.000000,291361280.000000,291408320.000000,291455456.000000,291502496.000000,291549632.000000,291596640.000000,291643680.000000,291690816.000000,291737856.000000,291784896.000000,291832032.000000,291879072.000000,291926080.000000,291973216.000000,292020256.000000,292067392.000000
314136576.000000,314187744.000000,314238944.000000,314290080.000000,314341312.000000,314392416.000000,314443552.000000,314494784.000000,314545920.000000,314597056.000000,314648288.000000,314699424.000000,314750528.000000,314801760.000000,314852896.000000,314904096.000000,314955264.000000,315006432.000000,315057632.000000,315108768.000000,315160000.000000,315211104.000000,315262240.000000,315313472.000000,315364608.000000,315415744.000000,315466976.000000,315518112.000000,315569216.000000,315620448.000000,315671584.000000,315722784.000000,315773952.000000,315825120.000000,315876320.000000,315927456.000000,315978688.000000,316029792.000000,316080928.000000,316132160.000000,316183296.000000,316234432.000000,316285664.000000,316336800.000000,316387904.000000,316439136.000000,316490272.000000,316541472.000000,316592640.000000,316643808.000000,316695008.000000,316746144.000000,316797376.000000,316848480.000000,316899616.000000,316950848.000000,317001984.000000,317053120.000000,317104352.000000,317155488.000000,317206592.000000,317257824.000000,317308960.000000,317360160.000000
339171328.000000,339226560.000000,339281856.000000,339337120.000000,339392448.000000,339447648.000000,339502880.000000,339558208.000000,339613440.000000,339668672.000000,339724000.000000,339779232.000000,339834432.000000,339889760.000000,339945024.000000,340000320.000000,340055552.000000,340110784.000000,340166080.000000,340221344.000000,340276672.000000,340331872.000000,340387104.000000,340442432.000000,340497664.000000,340552896.000000,340608224.000000,340663456.000000,340718656.000000,340773984.000000,340829248.000000,340884544.000000,340939776.000000,340995008.000000,341050304.000000,341105568.000000,341160896.000000,341216096.000000,341271328.000000,341326656.000000,341381888.000000,341437120.000000,341492448.000000,341547680.000000,341602880.000000,341658208.000000,341713472.000000,341768768.000000,341824000.000000,341879232.000000,341934528.000000,341989792.000000,342045120.000000,342100320.000000,342155552.000000,342210880.000000,342266112.000000,342321344.000000,342376672.000000,342431904.000000,342487104.000000,342542432.000000,342597696.000000,342652992.000000
364206080.000000,364265440.000000,364324800.000000,364384160.000000,364443584.000000,364502848.000000,364562208.000000,364621632.000000,364681024.000000,364740288.000000,364799712.000000,364859072.000000,364918336.000000,364977760.000000,365037120.000000,365096480.000000,365155840.000000,365215200.000000,365274560.000000,365333920.000000,365393344.000000,365452608.000000,365511968.000000,365571392.000000,365630656.000000,365690048.000000,365749472.000000,365808832.000000,365868096.000000,365927520.000000,365986880.000000,366046240.000000,366105600.000000,366164960.000000,366224320.000000,366283680.000000,366343104.000000,366402368.000000,366461728.000000,366521152.000000,366580544.000000,366639808.000000,366699232.000000,366758592.000000,366817856.000000,366877280.000000,366936640.000000,366996000.000000,367055360.000000,367114720.000000,367174080.000000,367233440.000000,367292864.000000,367352128.000000,367411488.000000,367470912.000000,367530176.000000,367589568.000000,367648992.000000,367708352.000000,367767616.000000,367827040.000000,367886400.000000,367945760.000000
389240832.000000,389304288.000000,389367744.000000,389431200.000000,389494720.000000,389558080.000000,389621536.000000,389685056.000000,389748544.000000,389811904.000000,389875424.000000,389938880.000000,390002240.000000,390065760.000000,390129216.000000,390192672.000000,390256128.000000,390319584.000000,390383040.000000,390446496.000000,390510016.000000,390573376.000000,390636832.000000,390700352.000000,390763712.000000,390827200.000000,390890720.000000,390954176.000000,391017536.000000,391081056.000000,391144512.000000,391207968.000000,391271424.000000,391334880.000000,391398336.000000,391461792.000000,391525312.000000,391588672.000000,391652128.000000,391715648.000000,391779136.000000,391842496.000000,391906016.000000,391969472.000000,392032832.000000,392096352.000000,392159808.000000,392223264.000000,392286720.000000,392350176.000000,392413632.000000,392477088.000000,392540608.000000,392603968.000000,392667424.000000,392730944.000000,392794304.000000,392857792.000000,392921312.000000,392984768.000000,393048128.000000,393111648.000000,393175104.000000,393238560.000000
414275584.000000,414343136.000000,414410656.000000,414478272.000000,414545856.000000,414613312.000000,414680864.000000,414748448.000000,414816064.000000,414883552.000000,414951136.000000,415018688.000000,415086144.000000,415153728.000000,415221344.000000,415288864.000000,415356416.000000,415423968.000000,415491488.000000,415559104.000000,415626688.000000,415694144.000000,415761696.000000,415829280.000000,415896768.000000,415964384.000000,416031968.000000,416099520.000000,416166976.000000,416234560.000000,416302176.000000,416369696.000000,416437248.000000,416504800.000000,416572320.000000,416639936.000000,416707520.000000,416774976.000000,416842528.000000,416910112.000000,416977728.000000,417045216.000000,417112800.000000,417180352.000000,417247808.000000,417315392.000000,417383008.000000,417450528.000000,417518080.000000,417585632.000000,417653152.000000,417720768.000000,417788352.000000,417855808.000000,417923360.000000,417990944.000000,418058432.000000,418126048.000000,418193632.000000,418261184.000000,418328640.000000,418396224.000000,418463840.000000,418531360.000000
439310336.000000,439381984.000000,439453600.000000,439525312.000000,439596992.000000,439668544.000000,439740192.000000,439811872.000000,439883584.000000,439955168.000000,440026848.000000,440098496.000000,440170048.000000,440241728.000000,440313440.000000,440385056.000000,440456704.000000,440528352.000000,440599968.000000,440671680.000000,440743360.000000,440814912.000000,440886560.000000,440958240.000000,441029824.000000,441101536.000000,441173216.000000,441244864.000000,441316416.000000,441388096.000000,441459808.000000,441531424.000000,441603072.000000,441674720.000000,441746336.000000,441818048.000000,441889728.000000,441961280.000000,442032928.000000,442104608.000000,442176320.000000,442247904.000000,442319584.000000,442391232.000000,442462784.000000,442534464.000000,442606176.000000,442677792.000000,442749440.000000,442821088.000000,442892704.000000,442964416.000000,443036096.000000,443107648.000000,443179296.000000,443250976.000000,443322560.000000,443394272.000000,443465952.000000,443537600.000000,443609152.000000,443680832.000000,443752544.000000,443824160.000000
464345088.000000,464420832.000000,464496544.000000,464572352.000000,464648128.000000,464723776.000000,464799520.000000,464875328.000000,464951104.000000,465026752.000000,465102560.000000,465178304.000000,465253952.000000,465329728.000000,465405536.000000,465481248.000000,465556992.000000,465632736.000000,465708448.000000,465784256.000000,465860032.000000,465935680.000000,466011424.000000,466087232.000000,466162880.000000,466238656.000000,466314464.000000,466390208.000000,466465856.000000,466541632.000000,466617440.000000,466693152.000000,466768896.000000,466844640.000000,466920352.000000,466996160.000000,467071936.000000,467147584.000000,467223328.000000,467299136.000000,467374912.000000,467450560.000000,467526368.000000,467602112.000000,467677760.000000,467753536.000000,467829344.000000,467905056.000000,467980800.000000,468056544.000000,468132256.000000,468208064.000000,468283840.000000,468359488.000000,468435232.000000,468511040.000000,468586688.000000,468662464.000000,468738272.000000,468814016.000000,468889664.000000,468965440.000000,469041248.000000,469116960.000000
489379840.000000,489459680.000000,489539488.000000,489619392.000000,489699264.000000,489779008.000000,489858848.000000,489938752.000000,490018624.000000,490098368.000000,490178272.000000,490258112.000000,490337856.000000,490417728.000000,490497632.000000,490577440.000000,490657280.000000,490737120.000000,490816928.000000,490896832.000000,490976704.000000,491056448.000000,491136288.000000,491216192.000000,491295936.000000,491375808.000000,491455712.000000,491535552.000000,491615296.000000,491695168.000000,491775072.000000,491854880.000000,491934720.000000,492014560.000000,492094368.000000,492174272.000000,492254144.000000,492333888.000000,492413728.000000,492493632.000000,492573504.000000,492653248.000000,492733152.000000,492812992.000000,492892736.000000,492972608.000000,493052512.000000,493132320.000000,493212160.000000,493292000.000000,493371808.000000,493451712.000000,493531584.000000,493611328.000000,493691168.000000,493771072.000000,493850816.000000,493930688.000000,494010592.000000,494090432.000000,494170176.000000,494250048.000000,494329952.000000,494409760.000000
514414592.000000,514498528.000000,514582400.000000,514666432.000000,514750400.000000,514834240.000000,514918176.000000,515002144.000000,515086144.000000,515170016.000000,515253984.000000,515337920.000000,515421760.000000,515505728.000000,515589760.000000,515673632.000000,515757568.000000,515841504.000000,515925376.000000,516009408.000000,516093376.000000,516177216.000000,516261152.000000,516345120.000000,516428992.000000,516512992.000000,516596960.000000,516680896.000000,516764736.000000,516848704.000000,516932736.000000,517016608.000000,517100544.000000,517184480.000000,517268352.000000,517352384.000000,517436352.000000,517520192.000000,517604128.000000,517688096.000000,517772096.000000,517855968.000000,517939936.000000,518023872.000000,518107712.000000,518191680.000000,518275712.000000,518359584.000000,518443520.000000,518527456.000000,518611328.000000,518695360.000000,518779328.000000,518863168.000000,518947104.000000,519031072.000000,519114944.000000,519198944.000000,519282912.000000,519366848.000000,519450688.000000,519534656.000000,519618688.000000,519702560.000000
539449344.000000,539537344.000000,539625344.000000,539713472.000000,539801536.000000,539889472.000000,539977536.000000,540065536.000000,540153664.000000,540241664.000000,540329664.000000,540417728.000000,540505664.000000,540593728.000000,540681856.000000,540769856.000000,540857856.000000,540945856.000000,541033856.000000,541121984.000000,541210048.000000,541297984.000000,541386048.000000,541474048.000000,541562048.000000,541650176.000000,541738176.000000,541826240.000000,541914176.000000,542002240.000000,542090368.000000,542178368.000000,542266368.000000,542354368.000000,542442368.000000,542530496.000000,542618560.000000,542706496.000000,542794560.000000,542882560.000000,542970688.000000,543058688.000000,543146688.000000,543234752.000000,543322688.000000,543410752.000000,543498880.000000,543586880.000000,543674880.000000,543762880.000000,543850880.000000,543939008.000000,544027072.000000,544115008.000000,544203072.000000,544291072.000000,544379072.000000,544467200.000000,544555200.000000,544643264.000000,544731200.000000,544819264.000000,544907392.000000,544995392.000000
564484096.000000,564576192.000000,564668288.000000,564760512.000000,564852672.000000,564944704.000000,565036864.000000,565128960.000000,565221184.000000,565313280.000000,565405376.000000,565497536.000000,565589568.000000,565681728.000000,565773952.000000,565866048.000000,565958144.000000,566050240.000000,566142336.000000,566234560.000000,566326720.000000,566418752.000000,566510912.000000,566603008.000000,566695040.000000,566787328.000000,566879424.000000,566971584.000000,567063616.000000,567155776.000000,567248000.000000,567340096.000000,567432192.000000,567524288.000000,567616384.000000,567708608.000000,567800768.000000,567892800.000000,567984960.000000,568077056.000000,568169344.000000,568261376.000000,568353472.000000,568445632.000000,568537664.000000,568629824.000000,568722048.000000,568814144.000000,568906240.000000,568998336.000000,569090432.000000,569182656.000000,569274816.000000,569366848.000000,569459008.000000,569551104.000000,569643136.000000,569735424.000000,569827520.000000,569919680.000000,570011712.000000,570103872.000000,570196096.000000,570288192.000000
589518848.000000,589615104.000000,589711296.000000,589807552.000000,589903808.000000,589999872.000000,590096192.000000,590192448.000000,590288768.000000,590384896.000000,590481088.000000,590577344.000000,590673472.000000,590769728.000000,590866048.000000,590962240.000000,591058432.000000,591154624.000000,591250816.000000,591347136.000000,591443392.000000,591539520.000000,591635776.000000,591731968.000000,591828096.000000,591924416.000000,592020672.000000,592116992.000000,592213056.000000,592309312.000000,592405568.000000,592501760.000000,592598016.000000,592694272.000000,592790464.000000,592886720.000000,592982976.000000,593079040.000000,593175360.000000,593271616.000000,593367936.000000,593464064.000000,593560256.000000,593656512.000000,593752640.000000,593848896.000000,593945216.000000,594041408.000000,594137600.000000,594233792.000000,594329984.000000,594426304.000000,594522560.000000,594618688.000000,594714944.000000,594811136.000000,594907264.000000,595003584.000000,595099840.000000,595196160.000000,595292224.000000,595388480.000000,595484736.000000,595580928.000000
614553600.000000,614653952.000000,614754240.000000,614854592.000000,614954944.000000,615055104.000000,615155520.000000,615255872.000000,615356288.000000,615456512.000000,615556800.000000,615657152.000000,615757376.000000,615857728.000000,615958144.000000,616058432.000000,616158720.000000,616259008.000000,616359296.000000,616459712.000000,616560064.000000,616660288.000000,616760640.000000,616860928.000000,616961152.000000,617061568.000000,617161920.000000,617262336.000000,617362496.000000,617462848.000000,617563200.000000,617663488.000000,617763840.000000,617864192.000000,617964480.000000,618064832.000000,618165184.000000,618265344.000000,618365760.000000,618466112.000000,618566528.000000,618666752.000000,618767040.000000,618867392.000000,618967616.000000,619067968.000000,619168384.000000,619268672.000000,619368960.000000,619469248.000000,619569536.000000,619669952.000000,619770304.000000,619870528.000000,619970880.000000,620071168.000000,620171392.000000,620271808.000000,620372160.000000,620472576.000000,620572736.000000,620673088.000000,620773440.000000,620873728.000000
639588352.000000,639692800.000000,639797184.000000,639901632.000000,640006080.000000,640110336.000000,640214848.000000,640319296.000000,640423808.000000,640528128.000000,640632512.000000,640736960.000000,640841280.000000,640945728.000000,641050240.000000,641154624.000000,641259008.000000,641363392.000000,641467776.000000,641572288.000000,641676736.000000,641781056.000000,641885504.000000,641989888.000000,642094208.000000,642198784.000000,642303168.000000,642407616.000000,642512000.000000,642616320.000000,642720832.000000,642825216.000000,642929664.000000,643034112.000000,643138496.000000,643243008.000000,643347328.000000,643451712.000000,643556160.000000,643660544.000000,643765120.000000,643869440.000000,643973824.000000,644078272.000000,644182592.000000,644287040.000000,644391488.000000,644495936.000000,644600320.000000,644704704.000000,644809152.000000,644913600.000000,645018048.000000,645122368.000000,645226816.000000,645331200.000000,645435520.000000,645540096.000000,645644480.000000,645748928.000000,645853312.000000,645957632.000000,646062144.000000,646166528.000000
664623104.000000,664731648.000000,664840064.000000,664948736.000000,665057152.000000,665165632.000000,665274176.000000,665382656.000000,665491328.000000,665599744.000000,665708224.000000,665816768.000000,665925184.000000,666033728.000000,666142336.000000,666250816.000000,666359296.000000,666467776.000000,666576256.000000,666684864.000000,666793408.000000,666901824.000000,667010368.000000,667118848.000000,667227264.000000,667335936.000000,667444416.000000,667552960.000000,667661440.000000,667769856.000000,667878528.000000,667986944.000000,668095488.000000,668204032.000000,668312448.000000,668421120.000000,668529536.000000,668638016.000000,668746560.000000,668855040.000000,668963712.000000,669072128.000000,669180608.000000,669289152.000000,669397568.000000,669506112.000000,669614720.000000,669723200.000000,669831680.000000,669940160.000000,670048640.000000,670157248.000000,670265792.000000,670374208.000000,670482752.000000,670591232.000000,670699648.000000,670808320.000000,670916800.000000,671025344.000000,671133824.000000,671242240.000000,671350912.000000,671459328.000000
689657856.000000,689770496.000000,689883008.000000,689995776.000000,690108288.000000,690220864.000000,690333504.000000,690446080.000000,690558848.000000,690671360.000000,690783936.000000,690896576.000000,691009088.000000,691121728.000000,691234432.000000,691347008.000000,691459584.000000,691572160.000000,691684736.000000,691797440.000000,691910080.000000,692022592.000000,692135232.000000,692247808.000000,692360320.000000,692473088.000000,692585664.000000,692698304.000000,692810880.000000,692923392.000000,693036160.000000,693148672.000000,693261312.000000,693373952.000000,693486464.000000,693599232.000000,693711744.000000,693824320.000000,693936960.000000,694049536.000000,694162304.000000,694274816.000000,694387392.000000,694500032.000000,694612544.000000,694725184.000000,694837888.000000,694950464.000000,695063040.000000,695175616.000000,695288192.000000,695400896.000000,695513536.000000,695626048.000000,695738688.000000,695851264.000000,695963776.000000,696076544.000000,696189120.000000,696301760.000000,696414336.000000,696526848.000000,696639616.000000,696752128.000000
714692608.000000,714809344.000000,714926016.000000,715042816.000000,715159424.000000,715276096.000000,715392832.000000,715509504.000000,715626368.000000,715742912.000000,715859584.000000,715976448.000000,716092992.000000,716209728.000000,716326528.000000,716443200.000000,716560000.000000,716676544.000000,716793216.000000,716910016.000000,717026752.000000,717143296.000000,717260160.000000,717376832.000000,717493376.000000,717610240.000000,717726912.000000,717843648.000000,717960320.000000,718076928.000000,718193728.000000,718310400.000000,718427136.000000,718543872.000000,718660544.000000,718777344.000000,718893952.000000,719010624.000000,719127360.000000,719244032.000000,719360896.000000,719477440.000000,719594112.000000,719710976.000000,719827520.000000,719944256.000000,720061056.000000,720177728.000000,720294272.000000,720411072.000000,720527744.000000,720644544.000000,720761280.000000,720877824.000000,720994688.000000,721111360.000000,721227904.000000,721344768.000000,721461440.000000,721578176.000000,721694848.000000,721811456.000000,721928256.000000,722044928.000000
739727360.000000,739848192.000000,739968960.000000,740089856.000000,740210560.000000,740331328.000000,740452160.000000,740572928.000000,740693888.000000,740814528.000000,740935296.000000,741056256.000000,741176896.000000,741297728.000000,741418624.000000,741539392.000000,741660288.000000,741780928.000000,741901696.000000,742022592.000000,742143424.000000,742264064.000000,742385024.000000,742505792.000000,742626432.000000,742747392.000000,742868160.000000,742988992.000000,743109760.000000,743230464.000000,743351360.000000,743472128.000000,743592960.000000,743713792.000000,743834560.000000,743955456.000000,744076160.000000,744196928.000000,744317760.000000,744438528.000000,744559488.000000,744680128.000000,744800896.000000,744921856.000000,745042496.000000,745163328.000000,745284224.000000,745404992.000000,745525632.000000,745646528.000000,745767296.000000,745888192.000000,746009024.000000,746129664.000000,746250624.000000,746371392.000000,746492032.000000,746612992.000000,746733760.000000,746854592.000000,746975360.000000,747096064.000000,747216960.000000,747337728.000000
764762112.000000,764887040.000000,765011904.000000,765136896.000000,765261696.000000,765386560.000000,765511488.000000,765636352.000000,765761408.000000,765886144.000000,766011008.000000,766136064.000000,766260800.000000,766385728.000000,766510720.000000,766635584.000000,766760576.000000,766885312.000000,767010176.000000,767135168.000000,767260096.000000,767384832.000000,767509888.000000,767634752.000000,767759488.000000,767884544.000000,768009408.000000,768134336.000000,768259200.000000,768384000.000000,768508992.000000,768633856.000000,768758784.000000,768883712.000000,769008576.000000,769133568.000000,769258368.000000,769383232.000000,769508160.000000,769633024.000000,769758080.000000,769882816.000000,770007680.000000,770132736.000000,770257472.000000,770382400.000000,770507392.000000,770632256.000000,770756992.000000,770881984.000000,771006848.000000,771131840.000000,771256768.000000,771381504.000000,771506560.000000,771631424.000000,771756160.000000,771881216.000000,772006080.000000,772131008.000000,772255872.000000,772380672.000000,772505664.000000,772630528.000000
789796864.000000,789925824.000000,790054848.000000,790183936.000000,790312768.000000,790441792.000000,790570880.000000,790699776.000000,790828928.000000,790957824.000000,791086720.000000,791215808.000000,791344704.000000,791473664.000000,791602752.000000,791731776.000000,791860864.000000,791989696.000000,792118720.000000,792247808.000000,792376768.000000,792505664.000000,792634752.000000,792763648.000000,792892544.000000,793021696.000000,793150592.000000,793279680.000000,793408704.000000,793537536.000000,793666624.000000,793795648.000000,793924608.000000,794053568.000000,794182592.000000,794311680.000000,794440512.000000,794569536.000000,794698624.000000,794827520.000000,794956672.000000,795085568.000000,795214464.000000,795343552.000000,795472448.000000,795601408.000000,795730496.000000,795859520.000000,795988352.000000,796117440.000000,796246464.000000,796375552.000000,796504512.000000,796633408.000000,796762496.000000,796891392.000000,797020288.000000,797149440.000000,797278336.000000,797407424.000000,797536448.000000,797665280.000000,797794368.000000,797923392.000000
814831616.000000,814964672.000000,815097792.000000,815230976.000000,815363904.000000,815497024.000000,815630208.000000,815763200.000000,815896448.000000,816029440.000000,816162432.000000,816295616.000000,816428608.000000,816561664.000000,816694848.000000,816827968.000000,816961152.000000,817094080.000000,817227200.000000,817360384.000000,817493440.000000,817626432.000000,817759616.000000,817892608.000000,818025600.000000,818158848.000000,818291840.000000,818425024.000000,818558144.000000,818691072.000000,818824256.000000,818957376.000000,819090432.000000,819223488.000000,819356608.000000,819489792.000000,819622720.000000,819755840.000000,819889024.000000,820022016.000000,820155264.000000,820288256.000000,820421248.000000,820554432.000000,820687424.000000,820820480.000000,820953664.000000,821086784.000000,821219712.000000,821352896.000000,821486016.000000,821619200.000000,821752256.000000,821885248.000000,822018432.000000,822151424.000000,822284416.000000,822417664.000000,822550656.000000,822683840.000000,822816960.000000,822949888.000000,823083072.000000,823216192.000000
839866368.000000,840003520.000000,840140736.000000,840278016.000000,840415040.000000,840552256.000000,840689536.000000,840826624.000000,840963968.000000,841101056.000000,841238144.000000,841375360.000000,841512512.000000,841649664.000000,841786944.000000,841924160.000000,842061440.000000,842198464.000000,842335680.000000,842472960.000000,842610112.000000,842747200.000000,842884480.000000,843021568.000000,843158656.000000,843296000.000000,843433088.000000,843570368.000000,843707584.000000,843844608.000000,843981888.000000,844119104.000000,844256256.000000,844393408.000000,844530624.000000,844667904.000000,844804928.000000,844942144.000000,845079424.000000,845216512.000000,845353856.000000,845490944.000000,845628032.000000,845765312.000000,845902400.000000,846039552.000000,846176832.000000,846314048.000000,846451072.000000,846588352.000000,846725568.000000,846862848.000000,847000000.000000,847137152.000000,847274368.000000,847411456.000000,847548544.000000,847685888.000000,847822976.000000,847960256.000000,848097472.000000,848234496.000000,848371776.000000,848508992.000000
864901120.000000,865042368.000000,865183680.000000,865325056.000000,865466176.000000,865607488.000000,865748864.000000,865890048.000000,866031488.000000,866172672.000000,866313856.000000,866455168.000000,866596416.000000,866737728.000000,866879040.000000,867020352.000000,867161728.000000,867302848.000000,867444160.000000,867585472.000000,867726784.000000,867867968.000000,868009344.000000,868150528.000000,868291712.000000,868433152.000000,868574336.000000,868715712.000000,868857024.000000,868998144.000000,869139520.000000,869280832.000000,869422080.000000,869563328.000000,869704640.000000,869846016.000000,869987136.000000,870128448.000000,870269824.000000,870411008.000000,870552448.000000,870693632.000000,870834816.000000,870976192.000000,871117376.000000,871258688.000000,871400000.000000,871541312.000000,871682432.000000,871823808.000000,871965120.000000,872106432.000000,872247744.000000,872388992.000000,872530304.000000,872671488.000000,872812672.000000,872954112.000000,873095296.000000,873236672.000000,873377984.000000,873519104.000000,873660480.000000,873801792.000000
889935872.000000,890081280.000000,890226624.000000,890372096.000000,890517312.000000,890662656.000000,890808192.000000,890953536.000000,891099008.000000,891244288.000000,891389568.000000,891534976.000000,891680320.000000,891825728.000000,891971136.000000,892116544.000000,892262016.000000,892407232.000000,892552640.000000,892698048.000000,892843456.000000,892988736.000000,893134208.000000,893279488.000000,893424768.000000,893570240.000000,893715584.000000,893861120.000000,894006464.000000,894151680.000000,894297152.000000,894442496.000000,894587904.000000,894733312.000000,894878656.000000,895024128.000000,895169344.000000,895314688.000000,895460224.000000,895605568.000000,895751040.000000,895896320.000000,896041600.000000,896187072.000000,896332352.000000,896477760.000000,896623168.000000,896768576.000000,896913792.000000,897059264.000000,897204672.000000,897350080.000000,897495488.000000,897640832.000000,897786240.000000,897931520.000000,898076800.000000,898222272.000000,898367616.000000,898513152.000000,898658496.000000,898803712.000000,898949184.000000,899094528.000000
914970624.000000,915120128.000000,915269568.000000,915419136.000000,915568448.000000,915717888.000000,915867520.000000,916016960.000000,916166528.000000,916315904.000000,916465280.000000,916614784.000000,916764224.000000,916913728.000000,917063296.000000,917212736.000000,917362304.000000,917511616.000000,917661056.000000,917810624.000000,917960128.000000,918109504.000000,918259072.000000,918408448.000000,918557824.000000,918707392.000000,918856832.000000,919006400.000000,919155904.000000,919305216.000000,919454784.000000,919604224.000000,919753728.000000,919903232.000000,920052672.000000,920202240.000000,920351552.000000,920501056.000000,920650624.000000,920800064.000000,920949632.000000,921099008.000000,921248384.000000,921397952.000000,921547328.000000,921696832.000000,921846400.000000,921995840.000000,922145152.000000,922294720.000000,922444160.000000,922593728.000000,922743232.000000,922892672.000000,923042176.000000,923191552.000000,923340928.000000,923490496.000000,923639936.000000,923789568.000000,923939008.000000,924088320.000000,924237888.000000,924387328.000000
940005376.000000,940158976.000000,940312512.000000,940466176.000000,940619584.000000,940773120.000000,940926848.000000,941080384.000000,941234048.000000,941387520.000000,941540992.000000,941694592.000000,941848128.000000,942001728.000000,942155392.000000,942308928.000000,942462592.000000,942616000.000000,942769536.000000,942923200.000000,943076800.000000,943230272.000000,943383936.000000,943537408.000000,943690880.000000,943844544.000000,943998080.000000,944151744.000000,944305344.000000,944458752.000000,944612416.000000,944765952.000000,944919552.000000,945073152.000000,945226688.000000,945380352.000000,945533760.000000,945687360.000000,945841024.000000,945994560.000000,946148224.000000,946301696.000000,946455168.000000,946608832.000000,946762304.000000,946915904.000000,947069568.000000,947223104.000000,947376512.000000,947530176.000000,947683712.000000,947837376.000000,947990976.000000,948144512.000000,948298112.000000,948451584.000000,948605056.000000,948758720.000000,948912256.000000,949065984.000000,949219520.000000,949372928.000000,949526592.000000,949680128.000000
965040128.000000,965197824.000000,965355456.000000,965513216.000000,965670720.000000,965828352.000000,965986176.000000,966143808.000000,966301568.000000,966459136.000000,966616704.000000,966774400.000000,966932032.000000,967089728.000000,967247488.000000,967405120.000000,967562880.000000,967720384.000000,967878016.000000,968035776.000000,968193472.000000,968351040.000000,968508800.000000,968666368.000000,968823936.000000,968981696.000000,969139328.000000,969297088.000000,969454784.000000,969612288.000000,969770048.000000,969927680.000000,970085376.000000,970243072.000000,970400704.000000,970558464.000000,970715968.000000,970873664.000000,971031424.000000,971189056.000000,971346816.000000,971504384.000000,971661952.000000,971819712.000000,971977280.000000,972134976.000000,972292736.000000,972450368.000000,972607872.000000,972765632.000000,972923264.000000,973081024.000000,973238720.000000,973396352.000000,973554048.000000,973711616.000000,973869184.000000,974026944.000000,974184576.000000,974342272.000000,974500032.000000,974657536.000000,974815296.000000,974972928.000000
990074880.000000,990236672.000000,990398400.000000,990560256.000000,990721792.000000,990883712.000000,991045504.000000,991207168.000000,991369088.000000,991530752.000000,991692416.000000,991854208.000000,992015936.000000,992177728.000000,992339520.000000,992501312.000000,992663168.000000,992824768.000000,992986560.000000,993148352.000000,993310144.000000,993471808.000000,993633664.000000,993795328.000000,993956992.000000,994118912.000000,994280576.000000,994442432.000000,994604288.000000,994765824.000000,994927680.000000,995089408.000000,995251200.000000,995412992.000000,995574720.000000,995736576.000000,995898112.000000,996059968.000000,996221824.000000,996383488.000000,996545408.000000,996707072.000000,996868736.000000,997030592.000000,997192256.000000,997354048.000000,997515840.000000,997677632.000000,997839232.000000,998001088.000000,998162880.000000,998324672.000000,998486464.000000,998648192.000000,998809984.000000,998971648.000000,999133312.000000,999295232.000000,999456896.000000,999618688.000000,999780608.000000,999942144.000000,1000104000.000000,1000265728.000000
1015109632.000000,1015275520.000000,1015441344.000000,1015607296.000000,1015772928.000000,1015938944.000000,1016104832.000000,1016270592.000000,1016436608.000000,1016602368.000000,1016768128.000000,1016934016.000000,1017099840.000000,1017265728.000000,1017431616.000000,1017597504.000000,1017763456.000000,1017929152.000000,1018095040.000000,1018260928.000000,1018426816.000000,1018592576.000000,1018758528.000000,1018924288.000000,1019090048.000000,1019256064.000000,1019421824.000000,1019587776.000000,1019753728.000000,1019919360.000000,1020085312.000000,1020251136.000000,1020417024.000000,1020582912.000000,1020748736.000000,1020914688.000000,1021080320.000000,1021246272.000000,1021412224.000000,1021577984.000000,1021744000.000000,1021909760.000000,1022075520.000000,1022241472.000000,1022407232.000000,1022573120.000000,1022739008.000000,1022904896.000000,1023070592.000000,1023236544.000000,1023402432.000000,1023568320.000000,1023734208.000000,1023900032.000000,1024065920.000000,1024231680.000000,1024397440.000000,1024563456.000000,1024729216.000000,1024895104.000000,1025061120.000000,1025226752.000000,1025392704.000000,1025558528.000000
1040144384.000000,1040314368.000000,1040484288.000000,1040654336.000000,1040824064.000000,1040994176.000000,1041164160.000000,1041334016.000000,1041504128.000000,1041673984.000000,1041843840.000000,1042013824.000000,1042183744.000000,1042353728.000000,1042523712.000000,1042693696.000000,1042863744.000000,1043033536.000000,1043203520.000000,1043373504.000000,1043543488.000000,1043713344.000000,1043883392.000000,1044053248.000000,1044223104.000000,1044393216.000000,1044563072.000000,1044733120.000000,1044903168.000000,1045072896.000000,1045242944.000000,1045412864.000000,1045582848.000000,1045752832.000000,1045922752.000000,1046092800.000000,1046262528.000000,1046432576.000000,1046602624.000000,1046772480.000000,1046942592.000000,1047112448.000000,1047282304.000000,1047452352.000000,1047622208.000000,1047792192.000000,1047962176.000000,1048132160.000000,1048301952.000000,1048472000.000000,1048641984.000000,1048811968.000000,1048981952.000000,1049151872.000000,1049321856.000000,1049491712.000000,1049661568.000000,1049831680.000000,1050001536.000000,1050171520.000000,1050341632.000000,1050511360.000000,1050681408.000000,1050851328.000000
1065179136.000000,1065353216.000000,1065527232.000000,1065701376.000000,1065875200.000000,1066049408.000000,1066223488.000000,1066397440.000000,1066571648.000000,1066745600.000000,1066919552.000000,1067093632.000000,1067267648.000000,1067441728.000000,1067615808.000000,1067789888.000000,1067964032.000000,1068137920.000000,1068312000.000000,1068486080.000000,1068660160.000000,1068834112.000000,1069008256.000000,1069182208.000000,1069356160.000000,1069530368.000000,1069704320.000000,1069878464.000000,1070052608.000000,1070226432.000000,1070400576.000000,1070574592.000000,1070748672.000000,1070922752.000000,1071096768.000000,1071270912.000000,1071444736.000000,1071618880.000000,1071793024.000000,1071966976.000000,1072141184.000000,1072315136.000000,1072489088.000000,1072663232.000000,1072837184.000000,1073011264.000000,1073185344.000000,1073359424.000000,1073533312.000000,1073707456.000000,1073881600.000000,1074055680.000000,1074229632.000000,1074403712.000000,1074577792.000000,1074751744.000000,1074925696.000000,1075099904.000000,1075273856.000000,1075447936.000000,1075622144.000000,1075795968.000000,1075970176.000000,1076144128.000000
1090213888.000000,1090392064.000000,1090570112.000000,1090748416.000000,1090926336.000000,1091104640.000000,1091282816.000000,1091460864.000000,1091639168.000000,1091817216.000000,1091995264.000000,1092173440.000000,1092351616.000000,1092529664.000000,1092707840.000000,1092886016.000000,1093064320.000000,1093242368.000000,1093420544.000000,1093598720.000000,1093776768.000000,1093954816.000000,1094133120.000000,1094311168.000000,1094489216.000000,1094667520.000000,1094845568.000000,1095023744.000000,1095202048.000000,1095379968.000000,1095558272.000000,1095736320.000000,1095914496.000000,1096092672.000000,1096270720.000000,1096449024.000000,1096626944.000000,1096805248.000000,1096983424.000000,1097161472.000000,1097339776.000000,1097517824.000000,1097695872.000000,1097874176.000000,1098052224.000000,1098230272.000000,1098408448.000000,1098586624.000000,1098764672.000000,1098942976.000000,1099121152.000000,1099299328.000000,1099477376.000000,1099655552.000000,1099833728.000000,1100011776.000000,1100189824.000000,1100368128.000000,1100546176.000000,1100724352.000000,1100902656.000000,1101080576.000000,1101258880.000000,1101436928.000000
1115248640.000000,1115430912.000000,1115613056.000000,1115795456.000000,1115977472.000000,1116159872.000000,1116342144.000000,1116524288.000000,1116706688.000000,1116888832.000000,1117070976.000000,1117253248.000000,1117435520.000000,1117617664.000000,1117799936.000000,1117982208.000000,1118164608.000000,1118346752.000000,1118529024.000000,1118711296.000000,1118893440.000000,1119075584.000000,1119257984.000000,1119440128.000000,1119622272.000000,1119804672.000000,1119986816.000000,1120169088.000000,1120351488.000000,1120533504.000000,1120715904.000000,1120898048.000000,1121080320.000000,1121262592.000000,1121444736.000000,1121627136.000000,1121809152.000000,1121991552.000000,1122173824.000000,1122355968.000000,1122538368.000000,1122720512.000000,1122902656.000000,1123085056.000000,1123267200.000000,1123449344.000000,1123631616.000000,1123813888.000000,1123995904.000000,1124178432.000000,1124360704.000000,1124542976.000000,1124725120.000000,1124907264.000000,1125089664.000000,1125271936.000000,1125453952.000000,1125636352.000000,1125818496.000000,1126000896.000000,1126183168.000000,1126365184.000000,1126547584.000000,1126729728.000000
1140283392.000000,1140469760.000000,1140656000.000000,1140842496.000000,1141028608.000000,1141214976.000000,1141401472.000000,1141587712.000000,1141774208.000000,1141960320.000000,1142146688.000000,1142333184.000000,1142519424.000000,1142705664.000000,1142892032.000000,1143078400.000000,1143265024.000000,1143451136.000000,1143637504.000000,1143823872.000000,1144010112.000000,1144196352.000000,1144382848.000000,1144569216.000000,1144755328.000000,1144941824.000000,1145128064.000000,1145314432.000000,1145500928.000000,1145687040.000000,1145873536.000000,1146059776.000000,1146246144.000000,1146432512.000000,1146618752.000000,1146805248.000000,1146991360.000000,1147177856.000000,1147364224.000000,1147550464.000000,1147736960.000000,1147923072.000000,1148109440.000000,1148295936.000000,1148482176.000000,1148668416.000000,1148854784.000000,1149041152.000000,1149227264.000000,1149413888.000000,1149600256.000000,1149786624.000000,1149972864.000000,1150159104.000000,1150345600.000000,1150531968.000000,1150718080.000000,1150904576.000000,1151090816.000000,1151277312.000000,1151463680.000000,1151649792.000000,1151836288.000000,1152022528.000000
1165318144.000000,1165508608.000000,1165698944.000000,1165889536.000000,1166079744.000000,1166270208.000000,1166460800.000000,1166651136.000000,1166841728.000000,1167031936.000000,1167222400.000000,1167412992.000000,1167603328.000000,1167793664.000000,1167984128.000000,1168174592.000000,1168365312.000000,1168555520.000000,1168745984.000000,1168936448.000000,1169126784.000000,1169317120.000000,1169507712.000000,1169698176.000000,1169888384.000000,1170078976.000000,1170269312.000000,1170459776.000000,1170650368.000000,1170840704.000000,1171031168.000000,1171221504.000000,1171411968.000000,1171602432.000000,1171792768.000000,1171983232.000000,1172173568.000000,1172364032.000000,1172554624.000000,1172744960.000000,1172935552.000000,1173125888.000000,1173316224.000000,1173506816.000000,1173697152.000000,1173887488.000000,1174077952.000000,1174268288.000000,1174458624.000000,1174649344.000000,1174839680.000000,1175030272.000000,1175220608.000000,1175410944.000000,1175601664.000000,1175792000.000000,1175982208.000000,1176172800.000000,1176363136.000000,1176553728.000000,1176744064.000000,1176934400.000000,1177124864.000000,1177315328.000000
1190352896.000000,1190547456.000000,1190742016.000000,1190936576.000000,1191131008.000000,1191325440.000000,1191520128.000000,1191714560.000000,1191909248.000000,1192103552.000000,1192297984.000000,1192492800.000000,1192687232.000000,1192881664.000000,1193076352.000000,1193270784.000000,1193465600.000000,1193660032.000000,1193854464.000000,1194049024.000000,1194243456.000000,1194437888.000000,1194632576.000000,1194827008.000000,1195021440.000000,1195216128.000000,1195410560.000000,1195605248.000000,1195799808.000000,1195994240.000000,1196188800.000000,1196383232.000000,1196577792.000000,1196772352.000000,1196966784.000000,1197161344.000000,1197355776.000000,1197550336.000000,1197745024.000000,1197939456.000000,1198134144.000000,1198328576.000000,1198523008.000000,1198717696.000000,1198912128.000000,1199106560.000000,1199301120.000000,1199495552.000000,1199689984.000000,1199884800.000000,1200079232.000000,1200273920.000000,1200468352.000000,1200662784.000000,1200857600.000000,1201052032.000000,1201246336.000000,1201441024.000000,1201635456.000000,1201830144.000000,1202024576.000000,1202219008.000000,1202413568.000000,1202608128.000000
1215387648.000000,1215586304.000000,1215784960.000000,1215983616.000000,1216182144.000000,1216380672.000000,1216579456.000000,1216777984.000000,1216976768.000000,1217175168.000000,1217373696.000000,1217572608.000000,1217771136.000000,1217969664.000000,1218168448.000000,1218366976.000000,1218565888.000000,1218764416.000000,1218962944.000000,1219161600.000000,1219360128.000000,1219558656.000000,1219757440.000000,1219955968.000000,1220154496.000000,1220353280.000000,1220551808.000000,1220750592.000000,1220949248.000000,1221147776.000000,1221346432.000000,1221544960.000000,1221743616.000000,1221942272.000000,1222140800.000000,1222339456.000000,1222537984.000000,1222736640.000000,1222935424.000000,1223133952.000000,1223332736.000000,1223531264.000000,1223729792.000000,1223928576.000000,1224127104.000000,1224325632.000000,1224524288.000000,1224722816.000000,1224921344.000000,1225120256.000000,1225318784.000000,1225517568.000000,1225716096.000000,1225914624.000000,1226113536.000000,1226312064.000000,1226510464.000000,1226709248.000000,1226907776.000000,1227106560.000000,1227305088.000000,1227503616.000000,1227702272.000000,1227900928.000000
1240422400.000000,1240625152.000000,1240827904.000000,1241030656.000000,1241233280.000000,1241435904.000000,1241638784.000000,1241841408.000000,1242044288.000000,1242246784.000000,1242449408.000000,1242652416.000000,1242855040.000000,1243057664.000000,1243260544.000000,1243463168.000000,1243666176.000000,1243868800.000000,1244071424.000000,1244274176.000000,1244476800.000000,1244679424.000000,1244882304.000000,1245084928.000000,1245287552.000000,1245490432.000000,1245693056.000000,1245895936.000000,1246098688.000000,1246301312.000000,1246504064.000000,1246706688.000000,1246909440.000000,1247112192.000000,1247314816.000000,1247517568.000000,1247720192.000000,1247922944.000000,1248125824.000000,1248328448.000000,1248531328.000000,1248733952.000000,1248936576.000000,1249139456.000000,1249342080.000000,1249544704.000000,1249747456.000000,1249950080.000000,1250152704.000000,1250355712.000000,1250558336.000000,1250761216.000000,1250963840.000000,1251166464.000000,1251369472.000000,1251572096.000000,1251774592.000000,1251977472.000000,1252180096.000000,1252382976.000000,1252585600.000000,1252788224.000000,1252990976.000000,1253193728.000000
1265457152.000000,1265664000.000000,1265870848.000000,1266077696.000000,1266284416.000000,1266491264.000000,1266698112.000000,1266904832.000000,1267111808.000000,1267318400.000000,1267525120.000000,1267732224.000000,1267938944.000000,1268145664.000000,1268352640.000000,1268559360.000000,1268766464.000000,1268973184.000000,1269179904.000000,1269386752.000000,1269593472.000000,1269800192.000000,1270007168.000000,1270213888.000000,1270420608.000000,1270627584.000000,1270834304.000000,1271041280.000000,1271248128.000000,1271454848.000000,1271661696.000000,1271868416.000000,1272075264.000000,1272282112.000000,1272488832.000000,1272695680.000000,1272902400.000000,1273109248.000000,1273316224.000000,1273522944.000000,1273729920.000000,1273936640.000000,1274143360.000000,1274350336.000000,1274557056.000000,1274763776.000000,1274970624.000000,1275177344.000000,1275384064.000000,1275591168.000000,1275797888.000000,1276004864.000000,1276211584.000000,1276418304.000000,1276625408.000000,1276832128.000000,1277038720.000000,1277245696.000000,1277452416.000000,1277659264.000000,1277866112.000000,1278072832.000000,1278279680.000000,1278486528.000000
1290491904.000000,1290702848.000000,1290913792.000000,1291124608.000000,1291335552.000000,1291546496.000000,1291757568.000000,1291968256.000000,1292179200.000000,1292390016.000000,1292600960.000000,1292812032.000000,1293022848.000000,1293233664.000000,1293444608.000000,1293655552.000000,1293866752.000000,1294077568.000000,1294288384.000000,1294499328.000000,1294710144.000000,1294920960.000000,1295132032.000000,1295342848.000000,1295553664.000000,1295764736.000000,1295975552.000000,1296186624.000000,1296397568.000000,1296608256.000000,1296819328.000000,1297030144.000000,1297241088.000000,1297452032.000000,1297662848.000000,1297873920.000000,1298084608.000000,1298295552.000000,1298506624.000000,1298717440.000000,1298928512.000000,1299139456.000000,1299350144.000000,1299561216.000000,1299772032.000000,1299982848.000000,1300193792.000000,1300404608.000000,1300615424.000000,1300826624.000000,1301037568.000000,1301248512.000000,1301459328.000000,1301670144.000000,1301881216.000000,1302092160.000000,1302302976.000000,1302513920.000000,1302724608.000000,1302935680.000000,1303146752.000000,1303357568.000000,1303568384.000000,1303779328.000000
1315526656.000000,1315741696.000000,1315956736.000000,1316171648.000000,1316386560.000000,1316601728.000000,1316816896.000000,1317031680.000000,1317246720.000000,1317461632.000000,1317676672.000000,1317891840.000000,1318106752.000000,1318321664.000000,1318536704.000000,1318751744.000000,1318967040.000000,1319181952.000000,1319396864.000000,1319611904.000000,1319826816.000000,1320041728.000000,1320256896.000000,1320471680.000000,1320686720.000000,1320901888.000000,1321116800.000000,1321331968.000000,1321547008.000000,1321761792.000000,1321976960.000000,1322191872.000000,1322406912.000000,1322621952.000000,1322836864.000000,1323052032.000000,1323266816.000000,1323481856.000000,1323697024.000000,1323911936.000000,1324127104.000000,1324342144.000000,1324556928.000000,1324772096.000000,1324987008.000000,1325201920.000000,1325416960.000000,1325631872.000000,1325846784.000000,1326062080.000000,1326277120.000000,1326492160.000000,1326707072.000000,1326921984.000000,1327137152.000000,1327352192.000000,1327567104.000000,1327782144.000000,1327996928.000000,1328212096.000000,1328427264.000000,1328642176.000000,1328857088.000000,1329072128.000000
1340561408.000000,1340780544.000000,1340999680.000000,1341218688.000000,1341437696.000000,1341656960.000000,1341876224.000000,1342095232.000000,1342314240.000000,1342533248.000000,1342752384.000000,1342971648.000000,1343190656.000000,1343409664.000000,1343628800.000000,1343847936.000000,1344067328.000000,1344286336.000000,1344505344.000000,1344724480.000000,1344943488.000000,1345162496.000000,1345381760.000000,1345600640.000000,1345819776.000000,1346038912.000000,1346258048.000000,1346477312.000000,1346696448.000000,1346915328.000000,1347134592.000000,1347353600.000000,1347572736.000000,1347791872.000000,1348010880.000000,1348230144.000000,1348449024.000000,1348668160.000000,1348887424.000000,1349106560.000000,1349325696.000000,1349544832.000000,1349763712.000000,1349982976.000000,1350201984.000000,1350420992.000000,1350640128.000000,1350859136.000000,1351078144.000000,1351297536.000000,1351516672.000000,1351735808.000000,1351954816.000000,1352173824.000000,1352393088.000000,1352612224.000000,1352831232.000000,1353050240.000000,1353269248.000000,1353488512.000000,1353707776.000000,1353926784.000000,1354145792.000000,1354364928.000000
1365596160.000000,1365819392.000000,1366042624.000000,1366265728.000000,1366488832.000000,1366712192.000000,1366935552.000000,1367158656.000000,1367381760.000000,1367604864.000000,1367828096.000000,1368051456.000000,1368274560.000000,1368497664.000000,1368720896.000000,1368944128.000000,1369167616.000000,1369390720.000000,1369613824.000000,1369837056.000000,1370060160.000000,1370283264.000000,1370506624.000000,1370729600.000000,1370952832.000000,1371176064.000000,1371399296.000000,1371622656.000000,1371845888.000000,1372068864.000000,1372292224.000000,1372515328.000000,1372738560.000000,1372961792.000000,1373184896.000000,1373408256.000000,1373631232.000000,1373854464.000000,1374077824.000000,1374301056.000000,1374524288.000000,1374747520.000000,1374970496.000000,1375193856.000000,1375416960.000000,1375640064.000000,1375863296.000000,1376086400.000000,1376309504.000000,1376532992.000000,1376756224.000000,1376979456.000000,1377202560.000000,1377425664.000000,1377649024.000000,1377872256.000000,1378095360.000000,1378318464.000000,1378541568.000000,1378764928.000000,1378988288.000000,1379211392.000000,1379434496.000000,1379657728.000000
1390630912.000000,1390858240.000000,1391085568.000000,1391312768.000000,1391539968.000000,1391767424.000000,1391994880.000000,1392222080.000000,1392449280.000000,1392676480.000000,1392903808.000000,1393131264.000000,1393358464.000000,1393585664.000000,1393812992.000000,1394040320.000000,1394267904.000000,1394495104.000000,1394722304.000000,1394949632.000000,1395176832.000000,1395404032.000000,1395631488.000000,1395858560.000000,1396085888.000000,1396313216.000000,1396540544.000000,1396768000.000000,1396995328.000000,1397222400.000000,1397449856.000000,1397677056.000000,1397904384.000000,1398131712.000000,1398358912.000000,1398586368.000000,1398813440.000000,1399040768.000000,1399268224.000000,1399495552.000000,1399722880.000000,1399950208.000000,1400177280.000000,1400404736.000000,1400631936.000000,1400859136.000000,1401086464.000000,1401313664.000000,1401540864.000000,1401768448.000000,1401995776.000000,1402223104.000000,1402450304.000000,1402677504.000000,1402904960.000000,1403132288.000000,1403359488.000000,1403586688.000000,1403813888.000000,1404041344.000000,1404268800.000000,1404496000.000000,1404723200.000000,1404950528.000000
1415665664.000000,1415897216.000000,1416128512.000000,1416359936.000000,1416591232.000000,1416822656.000000,1417054208.000000,1417285504.000000,1417516800.000000,1417748096.000000,1417979520.000000,1418211072.000000,1418442368.000000,1418673792.000000,1418905088.000000,1419136512.000000,1419368192.000000,1419599360.000000,1419830656.000000,1420062208.000000,1420293376.000000,1420524800.000000,1420756480.000000,1420987520.000000,1421218944.000000,1421450496.000000,1421681792.000000,1421913344.000000,1422144768.000000,1422375936.000000,1422607488.000000,1422838784.000000,1423069952.000000,1423301632.000000,1423532928.000000,1423764480.000000,1423995648.000000,1424227072.000000,1424458624.000000,1424689920.000000,1424921472.000000,1425152896.000000,1425383936.000000,1425615616.000000,1425847040.000000,1426078208.000000,1426309760.000000,1426541056.000000,1426772224.000000,1427003904.000000,1427235328.000000,1427466624.000000,1427698048.000000,1427929472.000000,1428160896.000000,1428392320.000000,1428623616.000000,1428854912.000000,1429086208.000000,1429317760.000000,1429549184.000000,1429780480.000000,1430011904.000000,1430243200.000000
1440700416.000000,1440936064.000000,1441171456.000000,1441406976.000000,1441642368.000000,1441877888.000000,1442113536.000000,1442348928.000000,1442584320.000000,1442819712.000000,1443055232.000000,1443290880.000000,1443526272.000000,1443761792.000000,1443997184.000000,1444232704.000000,1444468480.000000,1444703744.000000,1444939136.000000,1445174784.000000,1445410048.000000,1445645568.000000,1445881344.000000,1446116480.000000,1446352000.000000,1446587648.000000,1446823040.000000,1447058688.000000,1447294208.000000,1447529472.000000,1447765120.000000,1448000512.000000,1448235776.000000,1448471552.000000,1448706944.000000,1448942592.000000,1449177856.000000,1449413376.000000,1449649024.000000,1449884416.000000,1450120064.000000,1450355584.000000,1450590720.000000,1450826496.000000,1451062016.000000,1451297280.000000,1451532928.000000,1451768320.000000,1452003584.000000,1452239360.000000,1452474880.000000,1452710272.000000,1452945792.000000,1453181312.000000,1453416832.000000,1453652352.000000,1453887744.000000,1454123136.000000,1454358528.000000,1454594176.000000,1454829696.000000,1455065088.000000,1455300608.000000,1455536000.000000
1465735168.000000,1465974912.000000,1466214400.000000,1466454016.000000,1466693504.000000,1466932992.000000,1467172864.000000,1467412352.000000,1467651840.000000,1467891328.000000,1468130944.000000,1468370688.000000,1468610176.000000,1468849792.000000,1469089280.000000,1469328896.000000,1469568768.000000,1469808128.000000,1470047616.000000,1470287360.000000,1470526720.000000,1470766336.000000,1471006208.000000,1471245440.000000,1471485056.000000,1471724800.000000,1471964288.000000,1472204032.000000,1472443648.000000,1472683008.000000,1472922752.000000,1473162240.000000,1473401600.000000,1473641472.000000,1473880960.000000,1474120704.000000,1474360064.000000,1474599680.000000,1474839424.000000,1475078912.000000,1475318656.000000,1475558272.000000,1475797504.000000,1476037376.000000,1476276992.000000,1476516352.000000,1476756096.000000,1476995584.000000,1477234944.000000,1477474816.000000,1477714432.000000,1477953920.000000,1478193536.000000,1478433152.000000,1478672768.000000,1478912384.000000,1479151872.000000,1479391360.000000,1479630848.000000,1479870720.000000,1480110208.000000,1480349696.000000,1480589312.000000,1480828800.000000
1490769920.000000,1491013760.000000,1491257344.000000,1491501056.000000,1491744640.000000,1491988352.000000,1492232192.000000,1492475776.000000,1492719360.000000,1492962944.000000,1493206656.000000,1493450368.000000,1493694080.000000,1493937792.000000,1494181376.000000,1494425088.000000,1494669056.000000,1494912512.000000,1495156096.000000,1495399936.000000,1495643392.000000,1495887104.000000,1496131072.000000,1496374400.000000,1496618112.000000,1496861952.000000,1497105536.000000,1497349376.000000,1497593088.000000,1497836544.000000,1498080384.000000,1498323968.000000,1498567424.000000,1498811392.000000,1499054976.000000,1499298816.000000,1499542272.000000,1499785984.000000,1500029824.000000,1500273408.000000,1500517248.000000,1500760960.000000,1501004288.000000,1501248128.000000,1501491968.000000,1501735424.000000,1501979264.000000,1502222848.000000,1502466304.000000,1502710272.000000,1502953984.000000,1503197568.000000,1503441280.000000,1503684992.000000,1503928704.000000,1504172416.000000,1504416000.000000,1504659584.000000,1504903168.000000,1505147008.000000,1505390720.000000,1505634304.000000,1505878016.000000,1506121600.000000
1515804672.000000,1516052608.000000,1516300288.000000,1516548096.000000,1516795776.000000,1517043584.000000,1517291520.000000,1517539200.000000,1517786880.000000,1518034560.000000,1518282368.000000,1518530176.000000,1518777984.000000,1519025792.000000,1519273472.000000,1519521280.000000,1519769344.000000,1520016896.000000,1520264576.000000,1520512512.000000,1520760064.000000,1521007872.000000,1521255936.000000,1521503360.000000,1521751168.000000,1521999104.000000,1522246784.000000,1522494720.000000,1522742528.000000,1522990080.000000,1523238016.000000,1523485696.000000,1523733248.000000,1523981312.000000,1524228992.000000,1524476928.000000,1524724480.000000,1524972288.000000,1525220224.000000,1525467904.000000,1525715840.000000,1525963648.000000,1526211072.000000,1526459008.000000,1526706944.000000,1526954496.000000,1527202432.000000,1527450112.000000,1527697664.000000,1527945728.000000,1528193536.000000,1528441216.000000,1528689024.000000,1528936832.000000,1529184640.000000,1529432448.000000,1529680128.000000,1529927808.000000,1530175488.000000,1530423424.000000,1530671232.000000,1530918912.000000,1531166720.000000,1531414400.000000
1540839424.000000,1541091456.000000,1541343232.000000,1541595136.000000,1541846912.000000,1542098816.000000,1542350848.000000,1542602624.000000,1542854400.000000,1543106176.000000,1543358080.000000,1543609984.000000,1543861888.000000,1544113792.000000,1544365568.000000,1544617472.000000,1544869632.000000,1545121280.000000,1545373056.000000,1545625088.000000,1545876736.000000,1546128640.000000,1546380800.000000,1546632320.000000,1546884224.000000,1547136256.000000,1547388032.000000,1547640064.000000,1547891968.000000,1548143616.000000,1548395648.000000,1548647424.000000,1548899072.000000,1549151232.000000,1549403008.000000,1549655040.000000,1549906688.000000,1550158592.000000,1550410624.000000,1550662400.000000,1550914432.000000,1551166336.000000,1551417856.000000,1551669888.000000,1551921920.000000,1552173568.000000,1552425600.000000,1552677376.000000,1552929024.000000,1553181184.000000,1553433088.000000,1553684864.000000,1553936768.000000,1554188672.000000,1554440576.000000,1554692480.000000,1554944256.000000,1555196032.000000,1555447808.000000,1555699840.000000,1555951744.000000,1556203520.000000,1556455424.000000,1556707200.000000
1565874176.000000,1566130304.000000,1566386048.000000,1566642176.000000,1566898048.000000,1567154176.000000,1567410176.000000,1567666048.000000,1567921792.000000,1568177792.000000,1568433792.000000,1568689792.000000,1568945920.000000,1569201664.000000,1569457664.000000,1569713664.000000,1569969920.000000,1570225664.000000,1570481664.000000,1570737664.000000,1570993408.000000,1571249408.000000,1571505536.000000,1571761536.000000,1572017280.000000,1572273408.000000,1572529152.000000,1572785408.000000,1573041280.000000,1573297152.000000,1573553280.000000,1573809152.000000,1574064896.000000,1574321152.000000,1574577024.000000,1574833152.000000,1575089024.000000,1575344896.000000,1575601152.000000,1575856896.000000,1576113024.000000,1576368768.000000,1576624768.000000,1576880768.000000,1577136896.000000,1577392640.000000,1577648640.000000,1577904640.000000,1578160384.000000,1578416640.000000,1578672640.000000,1578928640.000000,1579184384.000000,1579440512.000000,1579696512.000000,1579952512.000000,1580208512.000000,1580464256.000000,1580720128.000000,1580976128.000000,1581232256.000000,1581488128.000000,1581744256.000000,1582000000.000000
1590908928.000000,1591169152.000000,1591428992.000000,1591689216.000000,1591949184.000000,1592209408.000000,1592469504.000000,1592729472.000000,1592989312.000000,1593249408.000000,1593509504.000000,1593769600.000000,1594029824.000000,1594289664.000000,1594549760.000000,1594809856.000000,1595070208.000000,1595330048.000000,1595590144.000000,1595850240.000000,1596110080.000000,1596370176.000000,1596630400.000000,1596890496.000000,1597150336.000000,1597410560.000000,1597670400.000000,1597930752.000000,1598190720.000000,1598450688.000000,1598710912.000000,1598970880.000000,1599230720.000000,1599491072.000000,1599751040.000000,1600011264.000000,1600271232.000000,1600531200.000000,1600791552.000000,1601051392.000000,1601311616.000000,1601571456.000000,1601831552.000000,1602091648.000000,1602351872.000000,1602611712.000000,1602871808.000000,1603131904.000000,1603391744.000000,1603652096.000000,1603912192.000000,1604172288.000000,1604432128.000000,1604692352.000000,1604952448.000000,1605212544.000000,1605472640.000000,1605732480.000000,1605992448.000000,1606252544.000000,1606512768.000000,1606772736.000000,1607032960.000000,1607292800.000000
